epoch,train_loss,step
0,0.7604057788848877,49
1,-0.8197181820869446,99
2,-1.3190616369247437,149
