train_loss,step,epoch
0.43249693512916565,49,0
-0.8057705163955688,99,1
-1.0838652849197388,149,2
