train_loss,step,epoch
0.5089178681373596,49,0
-0.7874078154563904,99,1
-1.1640013456344604,149,2
-1.2840648889541626,199,3
-0.9321684241294861,249,4
-0.9095208048820496,299,5
